{
  "project_info": {
    "project_number": "79989493290",
    "project_id": "htlib-adm",
    "storage_bucket": "htlib-adm.appspot.com"
  },
  "client": [
    {
      "client_info": {
        "mobilesdk_app_id": "1:79989493290:android:ce5e49aa4cbb6372d87d53",
        "android_client_info": {
          "package_name": "com.definev.htlib"
        }
      },
      "oauth_client": [
        {
          "client_id": "79989493290-9uf8m90fhjmmspiulfo6ri8eu6n5ogfj.apps.googleusercontent.com",
          "client_type": 1,
          "android_info": {
            "package_name": "com.definev.htlib",
            "certificate_hash": "5621b5121916e11ae71a1226642c6f3d4c7fd55e"
          }
        },
        {
          "client_id": "79989493290-os9oqjo5jp9ra0gscn40pqqkntq92dab.apps.googleusercontent.com",
          "client_type": 3
        }
      ],
      "api_key": [
        {
          "current_key": "AIzaSyAfvqfeHtGTek2Tw0gwgbLAooja2LJSJtQ"
        }
      ],
      "services": {
        "appinvite_service": {
          "other_platform_oauth_client": [
            {
              "client_id": "79989493290-k81q05q9di55t1f1rnvfpf5j76fom4n3.apps.googleusercontent.com",
              "client_type": 3
            }
          ]
        }
      }
    }
  ],
  "configuration_version": "1"
}